Date,ANZ.AX,BHP.AX,WTC.AX
2018/7/2,22.779387,24.79011,16.0361
2018/7/3,22.984018,24.384319,15.877131
2018/7/4,23.000389,24.384319,16.185137
2018/7/5,23.2705,24.251516,16.274557
2018/7/6,23.728868,24.458103,16.314299
2018/7/9,23.818907,24.981939,16.155329
2018/7/10,23.573353,25.254925,16.314299
2018/7/11,23.385092,24.922916,16.055973
2018/7/12,23.900757,24.767979,16.979986
2018/7/13,23.745241,24.590908,17.784775
2018/7/16,23.687946,24.399076,17.536379
2018/7/17,23.679762,23.978529,16.940241
2018/7/18,23.753426,24.767979,17.397284
2018/7/19,23.908947,24.797489,17.685415
2018/7/20,24.031723,24.281027,17.804642
2018/7/23,23.835279,23.941641,17.595991
2018/7/24,23.917131,24.354805,17.496639
2018/7/25,23.835279,24.900784,17.089277
2018/7/26,23.745241,24.819622,16.493139
2018/7/27,24.129946,25.380354,17.148893
2018/7/30,23.998983,25.225412,16.453396
2018/7/31,23.982609,25.719742,15.151832
2018/8/1,23.79435,25.882055,14.943181
2018/8/2,23.663389,25.026205,14.446402
2018/8/3,23.44239,24.627794,14.873634
2018/8/6,23.671576,25.159012,14.754407
2018/8/7,23.810724,24.804867,15.012732
2018/8/8,23.589724,25.040962,15.022668
2018/8/9,23.876202,25.055719,15.320737
2018/8/10,23.990797,24.878649,15.261124
2018/8/13,23.876202,24.576149,15.092216
2018/8/14,24.26091,24.952429,15.350543
2018/8/15,24.678352,24.86389,15.489642
2018/8/16,24.604689,24.229382,15.330672
2018/8/17,24.784761,24.155602,15.777774
2018/8/20,24.596502,24.472855,15.519449
2018/8/21,24.154499,24.015419,15.539321
2018/8/22,23.917131,23.668653,19.771896
2018/8/23,23.50787,23.963776,23.57724
2018/8/24,23.327797,24.133471,19.910999
2018/8/27,23.34417,24.406456,20.4972
2018/8/28,23.556984,24.627794,21.043661
2018/8/29,24.089018,24.945051,21.40134
2018/8/30,24.056278,24.922916,21.679537
2018/8/31,24.146317,24.502367,21.222498
2018/9/3,23.908947,24.354805,21.232437
2018/9/4,23.573353,24.406456,21.262241
2018/9/5,23.401461,23.757189,21.490763
2018/9/6,23.352352,23.799622,20.368034
2018/9/7,23.245943,23.723824,20.189196
2018/9/10,23.131353,23.648027,20.785332
2018/9/11,23.393276,23.648027,21.597216
2018/9/12,23.22139,23.572235,20.533262
2018/9/13,22.967649,23.731403,20.652588
2018/9/14,23.041315,24.11796,20.980719
2018/9/17,23.245943,23.95879,21.288971
2018/9/18,23.237759,23.860254,20.652588
2018/9/19,23.458757,24.557568,20.37417
2018/9/20,23.262318,24.838009,20.324453
2018/9/21,23.295057,25.45195,20.781855
2018/9/24,23.393276,25.641439,20.672474
2018/9/25,23.098608,25.846083,20.841511
2018/9/26,22.885796,26.149263,21.259138
2018/9/27,22.746647,26.134104,22.134165
2018/9/28,23.065868,26.247797,21.965126
2018/10/1,22.697536,26.232635,21.458006
2018/10/2,22.501093,26.300854,21.109985
2018/10/3,22.460167,26.588873,20.950891
2018/10/4,22.599312,26.838995,20.463663
2018/10/5,22.689354,26.907213,19.996317
2018/10/8,22.091831,26.149263,19.548862
2018/10/9,21.960869,26.247797,18.494854
2018/10/10,22.001795,26.316015,18.246269
2018/10/11,21.289682,25.315517,16.337122
2018/10/12,21.20783,25.649015,17.311581
2018/10/15,20.814941,25.270041,17.500505
2018/10/16,20.913164,25.694494,17.401073
2018/10/17,21.125978,25.512585,17.649658
2018/10/18,21.183275,25.163929,17.570112
2018/10/19,21.31424,25.088133,17.460732
2018/10/22,21.109612,25.13361,16.595652
2018/10/23,20.70035,24.853167,16.317236
2018/10/24,20.831312,24.307444,15.939383
2018/10/25,20.299276,23.344847,15.501869
2018/10/26,20.389315,23.648027,15.581417
2018/10/29,20.626684,23.989109,15.591361
2018/10/30,21.003201,24.421137,16.35701
2018/10/31,21.224201,24.413559,15.959269
2018/11/1,21.15872,25.095713,16.714973
2018/11/2,20.896793,25.391315,16.307289
2018/11/5,21.134165,25.095713,15.312943
2018/11/6,21.404278,25.429209,15.223453
2018/11/7,21.649832,25.30794,15.541643
2018/11/8,22.14094,25.262463,15.879721
2018/11/9,22.206427,25.323099,16.197912
2018/11/12,22.206425,25.323099,15.790229
2018/11/13,21.936541,24.898643,15.213509
2018/11/14,21.422071,24.337761,15.561529
2018/11/15,21.413639,24.284708,15.670908
2018/11/16,21.38834,24.52725,16.337122
2018/11/19,21.21966,24.557568,16.07859
2018/11/20,21.337734,24.777374,15.790229
2018/11/21,21.438942,23.95121,15.33283
2018/11/22,21.71726,24.087641,15.720625
2018/11/23,22.214861,23.913313,15.899608
2018/11/26,22.273899,23.064409,16.27746
2018/11/27,22.737759,23.397907,16.913845
2018/11/28,22.737759,23.200838,17.430904
2018/11/29,22.898003,23.481281,18.564459
2018/11/30,22.602819,23.261477,18.594286
2018/12/3,22.535347,24.11796,19.767618
2018/12/4,22.23173,23.96637,19.061634
2018/12/5,22.071482,24.125536,18.544571
2018/12/6,21.649788,23.799622,17.798813
2018/12/7,21.683523,23.63287,18.126945
2018/12/10,20.781097,23.716244,17.251923
2018/12/11,20.890741,24.042162,17.759039
2018/12/12,21.253397,24.398397,18.226379
2018/12/13,21.497978,24.86833,18.206491
2018/12/14,20.91604,24.557568,17.838585
2018/12/17,20.587118,25.414051,18.037455
2018/12/18,19.979879,25.391315,17.719261
2018/12/19,20.190727,25.383738,17.649658
2018/12/20,19.861805,24.724316,17.082882
2018/12/21,19.650959,25.2852,16.108423
2018/12/24,19.701561,25.391315,15.561529
2018/12/27,19.988312,25.883982,16.466383
2018/12/28,20.528084,25.732389,16.386837
2018/12/31,20.629286,25.944616,16.804466
2019/1/2,20.123255,25.52774,16.933731
2019/1/3,20.528084,25.52774,17.102768
2019/1/4,20.452177,25.30036,16.376896
2019/1/7,20.73893,26.065886,17.291691
2019/1/8,20.966644,26.096205,17.868414
2019/1/9,21.244963,25.997669,18.39542
2019/1/10,21.363035,26.197468,18.743441
2019/1/11,21.28713,25.920788,19.021854
2019/1/14,21.396774,25.857548,19.001972
2019/1/15,21.54015,26.134226,18.972139
2019/1/16,21.71726,26.03146,19.62841
2019/1/17,21.877504,25.984028,19.220726
2019/1/18,21.987143,26.173752,19.250555
2019/1/21,22.088352,26.2449,19.588638
2019/1/22,21.767862,25.90498,19.638355
2019/1/23,21.683523,25.79431,19.359938
2019/1/24,21.860638,25.786402,19.638355
2019/1/25,22.088352,26.12632,20.185246
2019/1/29,21.573883,26.671774,19.867052
2019/1/30,21.489546,27.35161,19.379822
2019/1/31,21.110023,27.533426,20.225018
2019/2/1,21.025684,27.667818,20.553152
2019/2/4,21.270264,27.667818,20.215073
2019/2/5,22.653421,27.976112,20.334396
2019/2/6,22.273899,28.442516,21.030439
2019/2/7,22.653421,28.355553,21.577332
2019/2/8,22.67872,27.928684,21.139818
2019/2/11,22.383537,28.489944,21.577332
2019/2/12,22.316065,28.679663,22.084444
2019/2/13,22.459444,28.521566,22.134165
2019/2/14,22.383537,28.987963,22.293259
2019/2/15,22.61125,28.829863,22.362865
2019/2/18,22.552214,29.248827,22.512012
2019/2/19,23.066683,29.256735,23.257776
2019/2/20,22.999212,29.991911,20.911119
2019/2/21,23.420906,29.920767,19.787504
2019/2/22,23.572716,29.794281,18.932369
2019/2/25,23.631752,30.063055,18.942308
2019/2/26,23.353434,29.683607,18.14683
2019/2/27,23.47994,29.786379,18.465021
2019/2/28,23.614885,29.430649,19.151123
2019/3/1,23.640188,29.391125,19.330107
2019/3/4,23.496811,29.738945,20.046034
2019/3/5,23.378736,29.485987,20.573038
2019/3/6,23.42934,29.738945,21.070211
2019/3/7,23.404039,30.167444,20.592926
2019/3/8,22.872702,29.771889,20.378984
2019/3/11,22.872702,29.481272,19.881453
2019/3/12,22.594383,29.796106,21.085484
2019/3/13,22.602819,29.763815,21.413858
2019/3/14,22.451008,29.997923,22.259665
2019/3/15,22.223291,29.448986,22.379074
2019/3/18,22.273899,29.852615,23.06567
2019/3/19,22.181122,30.345045,23.06567
2019/3/20,22.223291,30.030214,22.886557
2019/3/21,22.307631,30.4177,23.264685
2019/3/22,22.366669,30.361193,23.204979
2019/3/25,21.860638,29.973703,22.170111
2019/3/26,21.793165,30.312752,22.418875
2019/3/27,21.877504,30.595297,22.727348
2019/3/28,21.944977,30.86977,23.155228
2019/3/29,21.953409,31.071583,23.005968
2019/4/1,22.155825,31.523655,22.458677
2019/4/2,22.324501,31.507505,23.015911
2019/4/3,22.2992,32.217896,23.234833
2019/4/4,22.147388,31.822336,23.115421
2019/4/5,21.885939,31.660881,22.408926
2019/4/8,21.75943,32.201752,22.538284
2019/4/9,21.632921,32.31477,22.627838
2019/4/10,21.658222,32.201752,22.588036
2019/4/11,21.514847,31.999941,22.976114
2019/4/12,21.944977,31.951504,22.976114
2019/4/15,22.138952,31.91921,22.796999
2019/4/16,22.273899,31.781975,23.135323
2019/4/17,22.535347,30.9182,21.791985
2019/4/18,22.585951,30.861698,21.175039
2019/4/23,22.838968,30.942421,21.234747
2019/4/24,23.066683,30.837481,22.239765
2019/4/26,23.108852,30.353117,22.617887
2019/4/29,23.049814,30.530714,22.986065
2019/4/30,22.940176,30.191666,22.269613
2019/5/1,23.572716,30.256247,22.52833
2019/5/2,22.999212,29.884903,22.239765
2019/5/3,23.117285,29.820324,23.075619
2019/5/6,23.235359,29.70731,21.891491
2019/5/7,23.19319,30.110941,22.956213
2019/5/8,23.269096,30.014069,22.000946
2019/5/9,23.3197,29.852615,21.811884
2019/5/10,23.19319,29.70731,21.981047
2019/5/13,22.958652,29.81225,21.672577
2019/5/14,22.671993,29.481272,21.194942
2019/5/15,22.83704,30.030214,21.672577
2019/5/16,23.158442,30.304686,22.190008
2019/5/17,22.454828,31.047363,23.185078
2019/5/20,24.200834,30.845549,22.428827
2019/5/21,24.695969,30.627586,22.170111
2019/5/22,24.652536,30.732533,22.508432
2019/5/23,24.270327,30.127083,23.185078
2019/5/24,24.183462,30.232031,22.518381
2019/5/27,24.16609,30.627586,23.105471
2019/5/28,24.322447,31.160381,24.37916
2019/5/29,24.357195,30.96664,24.568224
2019/5/30,24.331135,30.433846,24.349308
2019/5/31,24.218206,30.482279,24.239851
2019/6/3,23.922865,29.71538,23.78212
2019/6/4,24.113968,30.119013,23.732363
2019/6/5,24.331135,30.304686,24.727434
2019/6/6,24.461433,29.909122,26.14043
2019/6/7,24.643848,30.546865,26.787222
2019/6/11,24.887075,31.241112,27.384264
2019/6/12,24.548298,32.088737,27.443968
2019/6/13,24.695969,31.935358,26.568308
2019/6/14,24.51355,32.53273,26.986238
2019/6/17,24.565672,32.419712,27.573324
2019/6/18,24.565672,32.419712,27.374313
2019/6/19,24.904448,33.081669,28.578344
2019/6/20,25.086864,32.976727,29.324648
2019/6/21,24.791523,33.122028,28.299726
2019/6/24,24.913136,33.25927,28.269875
2019/6/25,24.713345,33.291561,28.001205
2019/6/26,24.452744,33.226974,28.210171
2019/6/27,24.652536,33.864716,27.822092
2019/6/28,24.504864,33.226974,27.573324
2019/7/1,24.565672,33.646759,28.85696
2019/7/2,24.209522,33.93737,28.717657
2019/7/3,24.140028,33.969662,28.85696
2019/7/4,24.461433,33.783993,28.170366
2019/7/5,24.452744,33.331921,28.259922
2019/7/8,24.218206,32.742622,28.100712
2019/7/9,24.053164,33.122028,28.130566
2019/7/10,23.914179,33.065525,29.264942
2019/7/11,23.731758,33.283485,30.299814
2019/7/12,23.688328,33.073593,31.03616
2019/7/15,23.453789,33.097816,30.150553
2019/7/16,23.445101,33.226974,29.643066
2019/7/17,23.618834,33.69519,29.623167
2019/7/18,23.558027,33.194687,29.782375
2019/7/19,23.783876,33.146252,29.80228
2019/7/22,23.775194,33.372284,30.598333
2019/7/23,23.827311,33.566032,30.986408
2019/7/24,24.018415,33.364216,31.752611
2019/7/25,24.287699,32.766838,32.558617
2019/7/26,24.131344,32.976727,32.508865
2019/7/29,24.192148,32.774906,33.085999
2019/7/30,24.322447,32.960583,31.842167
2019/7/31,24.244267,32.904072,31.782463
2019/8/1,24.331135,32.500439,32.120789
2019/8/2,24.140028,31.305689,31.712811
2019/8/5,23.723072,30.328903,29.732622
2019/8/6,23.210562,29.949484,26.817076
2019/8/7,23.392981,29.666946,26.926531
2019/8/8,23.288742,30.110941,26.608109
2019/8/9,23.453789,30.102863,27.324558
2019/8/12,23.592775,29.876831,27.543474
2019/8/13,23.462477,29.876831,27.812143
2019/8/14,23.479849,30.207809,28.240021
2019/8/15,22.78492,29.376329,26.866829
2019/8/16,22.923904,29.19873,26.568308
2019/8/19,23.210562,29.263313,27.145449
2019/8/20,23.175814,29.303673,27.563377
2019/8/21,22.906532,28.456049,30.608284
2019/8/22,23.088949,28.415682,32.727779
2019/8/23,23.141069,28.593283,33.085999
2019/8/26,22.819666,28.003979,33.135754
2019/8/27,22.915216,28.213873,34.329838
2019/8/28,22.793608,28.593283,36.319965
2019/8/29,22.863096,28.657864,36.06126
2019/8/30,23.227936,29.295605,36.747852
2019/9/2,23.201874,29.529709,36.668243
2019/9/3,23.175814,29.408621,37.255337
2019/9/4,23.088949,29.319818,37.225483
2019/9/5,23.349548,30.059025,37.623516
2019/9/6,23.514595,30.259029,37.921688
2019/9/9,23.627522,30.10903,38.220364
2019/9/10,23.65358,30.267363,35.572117
2019/9/11,23.853371,30.767372,34.765694
2019/9/12,23.966299,30.809042,35.094238
2019/9/13,24.192148,30.942381,34.6064
2019/9/16,23.974981,31.9174,34.019009
2019/9/17,24.105282,31.575731,34.646225
2019/9/18,24.053164,31.492393,35.014591
2019/9/19,24.174774,31.400724,35.641808
2019/9/20,24.244267,31.459057,35.960396
2019/9/23,24.261642,31.350721,36.63739
2019/9/24,24.565672,31.042383,34.845341
2019/9/25,24.669909,30.442369,33.849758
2019/9/26,24.669909,30.417368,34.138481
2019/9/27,24.913136,30.700708,34.924988
2019/9/30,24.774149,30.60071,34.576538
2019/10/1,24.748091,30.83404,34.88517
2019/10/2,24.365879,30.250694,33.9095
2019/10/3,23.714386,29.292343,33.103073
2019/10/4,23.60146,29.417343,33.351974
2019/10/7,23.714386,29.484013,34.705959
2019/10/8,23.818626,29.675688,34.735828
2019/10/9,23.531967,29.275677,34.78561
2019/10/10,23.610147,29.225672,34.078743
2019/10/11,23.879431,29.850689,34.068787
2019/10/14,24.035791,30.442369,34.068787
2019/10/15,24.174774,30.067362,34.218121
2019/10/16,24.461433,30.034027,33.252411
2019/10/17,24.279015,29.050669,29.867437
2019/10/18,24.113968,28.992334,29.867437
2019/10/21,24.070536,29.150675,26.183784
2019/10/22,24.174774,29.492348,26.183784
2019/10/23,24.226892,29.500683,28.403933
2019/10/24,24.218206,29.792353,26.462549
2019/10/25,24.348507,29.809021,26.253477
2019/10/28,24.348507,30.142361,26.442635
2019/10/29,24.261642,30.517368,26.422728
2019/10/30,24.009729,30.16736,25.785553
2019/10/31,23.227936,29.959021,26.054361
2019/11/1,22.750172,29.750687,26.582018
2019/11/4,22.541697,30.400703,26.582018
2019/11/5,22.619875,30.792377,26.62184
2019/11/6,22.585129,31.250721,25.974714
2019/11/7,22.680681,31.125715,26.840868
2019/11/8,22.802292,31.084051,27.378485
2019/11/11,22.91877,30.984049,26.920517
2019/11/12,22.703739,30.917377,27.776714
2019/11/13,22.578304,30.659042,28.085344
2019/11/14,22.685818,30.675707,28.50349
2019/11/15,22.766455,31.067381,29.041105
2019/11/18,22.667898,31.134052,28.74243
2019/11/19,22.775414,31.225721,26.532238
2019/11/20,22.309513,31.034048,26.07427
2019/11/21,22.228876,30.609037,26.263432
2019/11/22,22.273676,30.992382,27.069853
2019/11/25,22.246796,31.542395,27.298838
2019/11/26,22.345352,31.584061,26.48246
2019/11/27,22.452868,31.95907,27.020071
2019/11/28,22.282637,32.084072,27.288879
2019/11/29,22.255756,31.85907,27.159456
2019/12/2,22.390152,31.925741,27.468084
2019/12/3,22.148239,31.475723,25.895069
2019/12/4,21.673378,30.692379,24.83975
2019/12/5,22.130322,31.175718,24.979132
2019/12/6,22.031765,31.134052,25.606348
2019/12/9,22.022804,31.709064,25.536655
2019/12/10,21.879452,32.050735,25.247938
2019/12/11,21.978008,32.167408,24.829796
2019/12/12,21.700256,32.167408,24.441517
2019/12/13,22.13928,32.792423,23.893948
2019/12/16,22.443907,33.325771,23.874037
2019/12/17,22.470787,33.500771,23.2966
2019/12/18,22.425989,33.375767,24.172712
2019/12/19,22.300556,33.1591,24.640636
2019/12/20,22.219917,33.100765,24.710323
2019/12/23,22.157198,32.684082,24.421606
2019/12/24,22.157198,32.692421,24.551031
2019/12/27,22.201998,33.0341,24.541075
2019/12/30,22.219917,32.850754,24.610767
2019/12/31,22.067602,32.434082,23.266735
2020/1/2,21.995926,32.459084,23.306555
2020/1/3,22.157198,32.625751,23.704788
2020/1/6,22.067602,32.834095,23.625139
2020/1/7,22.354313,32.959091,23.824257
2020/1/8,22.273676,32.975754,23.047705
2020/1/9,22.300556,33.3591,23.963638
2020/1/10,22.506626,33.250767,24.431562
2020/1/13,22.40807,32.942425,24.541075
2020/1/14,22.578304,33.375767,24.46143
2020/1/15,22.623102,33.484104,24.222488
2020/1/16,22.775414,33.44244,25.208117
2020/1/17,22.775414,33.83411,25.317631
2020/1/20,22.838131,34.367458,24.760105
2020/1/21,22.856054,34.334126,23.774479
2020/1/22,23.044205,34.342457,24.889528
2020/1/23,23.071083,34.234123,24.879574
2020/1/24,23.205477,33.709114,24.63068
2020/1/28,22.811255,32.584084,23.86408
2020/1/29,23.106922,32.784088,24.690413
2020/1/30,23.142761,32.500748,24.192623
2020/1/31,23.071083,32.834095,24.919399
2020/2/3,22.658941,31.875734,24.780014
2020/2/4,22.999407,31.925741,24.491297
2020/2/5,23.133802,32.409084,26.691532
2020/2/6,23.393631,32.95076,27.059896
2020/2/7,23.321955,32.309074,27.826494
2020/2/10,23.250278,32.000736,27.527821
2020/2/11,23.411549,32.134071,28.22473
2020/2/12,23.599705,32.000736,28.184904
2020/2/13,23.68034,32.117409,28.941547
2020/2/14,23.841614,32.209076,28.921631
2020/2/17,23.814734,32.059074,29.120749
2020/2/18,23.877451,32.31741,29.30991
2020/2/19,23.976007,32.084072,21.305437
2020/2/20,24.21792,32.100739,18.796572
2020/2/21,24.406071,31.850737,19.194805
2020/2/24,24.038723,30.909046,18.746794
2020/2/25,23.823694,30.275702,19.075336
2020/2/26,23.357792,29.625681,17.492363
2020/2/27,22.873972,29.325676,16.855188
2020/2/28,22.246796,28.000647,15.033276
2020/3/2,21.807772,27.792309,16.944794
2020/3/3,21.503145,28.325655,16.49678
2020/3/4,20.795332,28.050646,15.630625
2020/3/5,20.822212,28.698143,15.411595
2020/3/6,19.836651,27.64193,14.980036
2020/3/9,18.161198,23.657507,13.435188
2020/3/10,18.931725,25.117317,14.202629
2020/3/11,17.883448,24.490459,13.385356
2020/3/12,16.36031,22.60988,12.896984
2020/3/13,16.844131,22.944777,13.564756
2020/3/16,14.738613,21.639536,13.544824
2020/3/17,16.485746,24.224258,12.627883
2020/3/18,14.890928,23.305437,11.840508
2020/3/19,13.439466,23.47718,10.445161
2020/3/20,14.353351,23.193806,11.760775
2020/3/23,12.6331,23.210979,11.960109
2020/3/24,13.305072,24.387413,13.624557
2020/3/25,14.846129,26.877678,12.468414
2020/3/26,14.962606,26.336687,13.754126
2020/3/27,13.860569,24.928402,14.451797
2020/3/30,15.034283,25.933096,15.797312
2020/3/31,15.195557,24.885466,17.043154
2020/4/1,15.276193,25.958857,15.847144
2020/4/2,14.469826,25.632547,14.930202
2020/4/3,14.147278,26.044727,14.481699
2020/4/6,14.819253,27.298447,14.800635
2020/4/7,14.622139,27.221163,14.5714
2020/4/8,13.905368,26.894852,15.099638
2020/4/9,14.819253,27.049421,15.906946
2020/4/14,15.034283,27.186813,15.777377
2020/4/15,15.097001,26.989309,15.588009
2020/4/16,14.855088,26.439735,15.289006
2020/4/17,14.837171,26.860502,15.667743
2020/4/20,14.469826,26.465496,15.697643
2020/4/21,14.156238,25.804287,13.734191
2020/4/22,14.353351,24.876879,16.036514
2020/4/23,14.344389,25.546675,16.016579
2020/4/24,14.353351,26.225056,16.186014
2020/4/27,14.021842,26.190706,17.132856
2020/4/28,14.066641,26.182121,17.192657
2020/4/29,14.926766,26.72311,17.521561
2020/4/30,15.141797,27.779324,18.528202
2020/5/1,14.111439,25.623957,17.760761
2020/5/4,14.469826,25.658306,18.597971
2020/5/5,14.738613,26.353863,19.096308
2020/5/6,14.514625,26.113424,19.724215
2020/5/7,14.201035,26.620064,19.993317
2020/5/8,14.09352,26.963547,19.843813
2020/5/11,14.165197,27.092354,19.784012
2020/5/12,13.887448,26.379623,19.325542
2020/5/13,13.941206,26.628653,19.664412
2020/5/14,13.57386,26.285168,18.837173
2020/5/15,13.83369,27.195402,19.076372
2020/5/18,13.555942,28.423353,20.16275
2020/5/19,13.83369,30.097845,20.521555
2020/5/20,13.896408,29.81447,20.581352
2020/5/21,13.788893,29.63414,20.820557
2020/5/22,13.645537,29.470985,20.451788
2020/5/25,13.968085,29.848818,21.7973
2020/5/26,14.801332,30.484266,22.116236
2020/5/27,16.073601,29.591206,22.275703
2020/5/28,16.790373,30.192303,20.98999
2020/5/29,16.028803,29.745773,20.322216
2020/6/1,16.172157,30.664597,20.102949
2020/6/2,16.145279,30.406982,21.039825
2020/6/3,16.951645,31.205584,21.886999
2020/6/4,17.211475,31.179821,22.435171
2020/6/5,17.713217,31.197001,22.076368
2020/6/9,18.815252,32.321907,22.425205
2020/6/10,18.600222,32.201691,22.335505
2020/6/11,17.444426,31.566242,21.8272
2020/6/12,16.951645,30.905035,21.149456
2020/6/15,16.494705,30.269588,19.823879
2020/6/16,17.229397,31.154058,21.019892
2020/6/17,17.166679,30.930799,22.255768
2020/6/18,17.094999,30.647423,21.637829
2020/6/19,16.799334,30.063496,23.322212
2020/6/22,16.996445,30.364046,22.006599
2020/6/23,17.005404,30.604488,21.926868
2020/6/24,16.87101,30.827753,22.036501
2020/6/25,16.351349,30.097845,21.57803
2020/6/26,16.844131,30.956558,21.568064
2020/6/29,16.629099,30.38122,19.724215
2020/6/30,16.700775,30.759054,19.285677
2020/7/1,16.915808,30.759054,18.488337
2020/7/2,17.256273,30.922211,19.634514
2020/7/3,17.193558,31.136883,20.471722
2020/7/6,17.130838,30.613075,21.388662
2020/7/7,16.85309,30.999493,22.076368
2020/7/8,16.494705,30.698944,21.498297
2020/7/9,16.566383,31.30863,20.99996
2020/7/10,16.396149,31.076775,20.272385
2020/7/13,16.700775,31.746571,20.102949
2020/7/14,16.503666,31.841032,20.033182
2020/7/15,16.718695,32.63105,20.950125
2020/7/16,16.566383,32.424953,20.920223
2020/7/17,16.548462,32.562351,20.581352
2020/7/20,16.351349,32.957355,21.099627
2020/7/21,16.772455,33.318012,22.046469
2020/7/22,16.673897,32.201691,21.189327
2020/7/23,16.664936,31.987013,21.139492
2020/7/24,16.38719,31.841032,20.671055
2020/7/27,16.333431,32.115818,20.750788
2020/7/28,16.190077,32.673981,20.521555
2020/7/29,16.530546,32.029949,19.784012
2020/7/30,16.449907,32.485069,20.950125
2020/7/31,16.09152,31.557659,20.581352
2020/8/3,15.428505,32.064293,21.249126
2020/8/4,15.688337,32.562351,22.305603
2020/8/5,15.643538,32.588108,21.498297
2020/8/6,15.804811,34.193901,21.358763
2020/8/7,15.840651,33.747368,20.860422
2020/8/10,16.279675,34.211075,21.119558
2020/8/11,16.566383,34.52021,20.621222
2020/8/12,16.888929,34.271183,18.887009
2020/8/13,16.611181,34.271183,19.554777
2020/8/14,16.736616,34.357056,19.863747
2020/8/17,16.36031,34.228249,19.415245
2020/8/18,16.190077,34.04792,20.740824
2020/8/19,16.736616,33.541279,27.777355
2020/8/20,16.539501,33.249317,27.368715
2020/8/21,16.467825,32.940182,27.807253
2020/8/24,16.540489,33.120514,28.136156
2020/8/25,17.076399,32.897251,28.83383
2020/8/26,16.840237,32.64822,28.385324
2020/8/27,16.64949,33.008877,28.335491
2020/8/28,16.713072,32.399193,28.046455
2020/8/31,16.604074,32.553761,28.086323
2020/9/1,16.140829,32.201691,28.25576
2020/9/2,16.395159,33.060402,29.2624
2020/9/3,16.685823,32.941772,29.591305
2020/9/4,16.177162,31.698023,27.453278
2020/9/7,16.467825,32.460041,28.011719
2020/9/8,16.676739,32.766598,28.540241
2020/9/9,16.177162,32.214794,28.001745
2020/9/10,16.08633,32.389973,28.101467
2020/9/11,15.922835,32.01334,27.682636
2020/9/14,16.059084,32.617699,27.523083
2020/9/15,15.759336,32.83667,27.433334
2020/9/16,15.71392,33.283367,27.802301
2020/9/17,15.732088,32.679008,26.685423
2020/9/18,15.505007,33.108189,26.675451
2020/9/21,15.305178,32.714043,26.216734
2020/9/22,14.950932,32.118446,26.705368
2020/9/23,15.305178,32.538872,26.695396
2020/9/24,15.323343,32.328655,26.10704
2020/9/25,16.286161,32.93301,25.728098
2020/9/28,16.077251,32.521355,25.758017
2020/9/29,15.968249,32.311138,26.635563
2020/9/30,15.641254,31.181259,25.718128
2020/10/1,15.795667,31.785616,25.797907
2020/10/2,15.51409,30.760836,25.758017
2020/10/5,16.168079,31.654234,25.887651
2020/10/6,16.249826,31.776855,26.406202
2020/10/7,16.631321,31.426508,26.485979
2020/10/8,16.840237,32.100929,27.313667
2020/10/9,16.903818,32.039623,26.765202
2020/10/12,17.239897,31.916996,27.044422
2020/10/13,17.712223,31.803133,28.031662
2020/10/14,17.530558,31.557886,27.991774
2020/10/15,17.585056,32.206036,27.263807
2020/10/16,17.53964,31.750578,27.69261
2020/10/19,17.721306,31.969549,28.91918
2020/10/20,17.548725,31.444021,29.228315
2020/10/21,17.803055,31.627956,29.088709
2020/10/22,17.712223,31.95203,29.298122
2020/10/23,17.966553,31.53161,29.088709
2020/10/26,17.875721,31.295122,29.367928
2020/10/27,17.712223,30.603176,28.560184
2020/10/28,17.403393,30.454279,29.697008
2020/10/29,16.985569,29.78861,29.1984
2020/10/30,17.085484,29.587158,28.809488
2020/11/2,17.494226,29.613436,28.450491
2020/11/3,17.684973,30.392969,29.65712
2020/11/4,17.530558,30.025099,30.813887
2020/11/5,17.684973,29.990065,31.003357
2020/11/6,17.803055,30.36669,31.312492
2020/11/9,17.775309,31.426508,32.918007
2020/11/10,18.6724,31.557886,32.549038
2020/11/11,19.26429,32.276104,32.060402
2020/11/12,19.05158,31.925756,32.090321
2020/11/13,19.033083,31.330154,31.940735
2020/11/16,19.54174,31.960789,31.751266
2020/11/17,20.087395,32.416245,30.554609
2020/11/18,20.355597,32.258591,30.674276
2020/11/19,20.762524,31.978304,30.614443
2020/11/20,20.660789,31.654234,30.544638
2020/11/23,20.605303,32.451279,30.624414
2020/11/24,21.243435,33.546127,30.813887
2020/11/25,21.881571,34.562145,30.026087
2020/11/26,21.50239,34.343178,30.285364
2020/11/27,21.354416,33.913998,29.866535
2020/11/30,20.93824,33.344677,30.813887
2020/12/1,21.1602,33.773857,31.870932
2020/12/2,21.298925,34.430767,30.754055
2020/12/3,21.28043,36.129971,29.836618
2020/12/4,21.548632,36.348938,30.68425
2020/12/7,21.585625,37.128471,31.152939
2020/12/8,21.641115,37.005848,31.900846
2020/12/9,21.548632,37.426266,31.482019
2020/12/10,21.428404,37.207298,30.315279
2020/12/11,21.215693,37.505096,30.325253
2020/12/14,21.437651,37.435028,30.375111
2020/12/15,21.243435,36.594185,30.105865
2020/12/16,21.530136,37.268612,30.255445
2020/12/17,21.807587,37.925514,31.561796
2020/12/18,21.493141,37.794136,32.858173
2020/12/21,21.557878,38.240833,30.68425
2020/12/22,21.187946,37.566406,30.444918
2020/12/23,21.363665,37.181023,31.272604
2020/12/24,21.298925,37.618965,31.272604
2020/12/29,21.419155,37.592682,31.282578
2020/12/30,21.335918,37.785374,30.704193
2020/12/31,20.993732,37.163502,30.664305
2021/1/4,21.308176,37.715309,30.434946
2021/1/5,21.243435,38.801395,29.936338
2021/1/6,21.067719,38.722569,28.829432
2021/1/7,21.863073,41.078682,28.510324
2021/1/8,22.048044,40.877224,28.390657
2021/1/11,22.057291,40.728329,27.662693
2021/1/12,22.242256,40.29039,27.762413
2021/1/13,22.343987,40.483086,27.802301
2021/1/14,22.750916,40.342945,28.370714
2021/1/15,22.806408,41.00861,27.652719
2021/1/18,22.454969,39.808659,28.251047
2021/1/19,22.824905,40.176521,29.667091
2021/1/20,22.621437,40.553154,31.093105
2021/1/21,22.880392,41.183788,32.69862
2021/1/22,22.787909,40.404251,33.107475
2021/1/25,22.824905,40.833435,33.695831
2021/1/27,22.704676,39.458305,33.885303
2021/1/28,22.399479,38.783875,31.821072
2021/1/29,21.927814,38.153244,31.192827
2021/2/1,22.251505,38.643734,31.11305
2021/2/2,22.519707,39.502098,32.419399
2021/2/3,22.935883,38.652496,32.409424
2021/2/4,22.917387,38.459805,32.499176
2021/2/5,23.389051,38.363457,32.947922
2021/2/8,23.490782,39.274368,32.97784
2021/2/9,23.056112,39.064159,32.499176
2021/2/10,22.972876,39.467068,33.217171
2021/2/11,23.019117,39.834934,32.479237
2021/2/12,22.95438,39.169266,32.75845
2021/2/15,23.324314,40.071419,33.436558
2021/2/16,23.555521,41.166267,32.568977
2021/2/17,23.879211,42.567669,31.601686
2021/2/18,24.55434,42.488842,31.472046
2021/2/19,24.609833,41.446548,31.212772
2021/2/22,24.508102,42.830437,30.474833
2021/2/23,24.794798,44.170532,29.467648
2021/2/24,24.62833,42.795399,29.766811
2021/2/25,24.757807,44.188049,27.712555
2021/2/26,24.202904,43.031891,27.194004
2021/3/1,24.591335,43.87273,27.543026
2021/3/2,24.868786,43.031891,27.941912
2021/3/3,25.488424,44.555916,28.001745
2021/3/4,26.256037,44.323372,27.393446
2021/3/5,26.672213,43.361382,26.864923
2021/3/8,26.561232,44.395298,26.515898
2021/3/9,26.91267,44.044666,26.087095
2021/3/10,26.367018,42.794979,26.206762
2021/3/11,26.098814,42.075733,26.386259
2021/3/12,26.117311,43.127632,26.632824
2021/3/15,26.265285,43.046719,26.862417
2021/3/16,26.413258,42.111698,27.251726
2021/3/17,26.237541,41.41943,28.040331
2021/3/18,26.024828,41.077785,27.840683
2021/3/19,26.108063,40.367535,27.870632
2021/3/22,26.237541,40.007915,28.000401
2021/3/23,25.895351,40.412491,27.401463
2021/3/24,25.895351,40.349556,27.810738
2021/3/25,25.802866,40.349556,27.980436
2021/3/26,26.052574,40.520374,28.289888
2021/3/29,25.886105,41.230625,27.551197
2021/3/30,25.987835,40.376526,28.100224
2021/3/31,26.061821,40.727154,28.998632
2021/4/1,26.117311,41.041828,29.50773
2021/4/6,26.219042,41.221634,31.035027
2021/4/7,26.302279,41.248608,30.975132
2021/4/8,26.579727,42.309494,30.875309
2021/4/9,26.579727,41.958858,30.955168
2021/4/12,26.699957,41.518326,30.575838
2021/4/13,26.727701,41.077785,31.324512
2021/4/14,26.718452,41.365482,32.352692
2021/4/15,26.746199,42.552238,32.392624
2021/4/16,26.653715,42.768009,32.13308
2021/4/19,26.755447,42.759018,32.003311
2021/4/20,26.505743,42.660126,31.723806
2021/4/21,26.283783,42.444351,30.575838
2021/4/22,26.431755,42.839931,30.88529
2021/4/23,26.542736,42.759018,30.745539
2021/4/26,26.533487,43.010754,30.53591
2021/4/27,26.773945,43.496243,30.246422
2021/4/28,26.91267,43.352394,31.26462
2021/4/29,26.764696,43.747978,32.1231
2021/4/30,26.579727,42.884888,31.374424
2021/5/3,26.91267,42.28252,30.725574
2021/5/4,26.662964,43.361382,29.966917
2021/5/5,25.802866,43.837883,29.318068
2021/5/6,25.571659,44.7729,29.088474
2021/5/7,25.664145,45.033627,28.180082
2021/5/10,25.977234,46.43615,27.880613
2021/5/11,25.683117,46.1035,26.8724
2021/5/12,25.540804,45.851765,26.722666
2021/5/13,25.75902,45.267376,26.183619
2021/5/14,26.015186,44.566116,25.954027
2021/5/17,25.910822,44.59309,25.684504
2021/5/18,26.280842,45.420219,25.514805
2021/5/19,25.910822,43.864853,25.744398
2021/5/20,26.432646,43.406338,26.053848
2021/5/21,26.565472,42.92984,26.313389
2021/5/24,26.717274,42.138672,26.952259
2021/5/25,26.992418,42.687096,27.062063
2021/5/26,27.039854,41.671162,27.890596
2021/5/27,27.077806,42.075733,28.259941
2021/5/28,27.381413,43.29845,27.750841
2021/5/31,27.239096,43.019741,28.180082
2021/6/1,26.859589,43.073689,28.579374
2021/6/2,26.897539,44.404285,28.269922
2021/6/3,27.296022,44.584099,28.489534
2021/6/4,27.703993,43.828896,28.509499
2021/6/7,27.34346,43.918797,29.377962
2021/6/8,27.286533,43.496243,31.094921
2021/6/9,27.258072,43.756966,29.837147
2021/6/10,27.220121,43.42432,30.635733
2021/6/11,26.802664,44.008705,30.645716
2021/6/15,27.191658,44.25145,31.434319
2021/6/16,27.438337,43.487251,31.164795
2021/6/17,27.732454,42.875893,31.334496
2021/6/18,27.495262,41.824001,32.21294
2021/6/21,26.641373,41.005863,31.993326
2021/6/22,27.210634,41.96785,31.614
2021/6/23,26.82164,42.399399,31.683876
2021/6/24,26.603422,42.794979,32.222919
2021/6/25,26.831127,43.064701,31.334496
2021/6/28,26.745737,43.514225,31.424335
2021/6/29,26.793175,43.208549,31.883522
2021/6/30,26.707787,43.667065,31.873541
2021/7/1,26.593935,43.352394,31.733789
